<?xml version="1.0" encoding="UTF-8"?>
<beans xmlns="http://www.springframework.org/schema/beans"
       xmlns:xsi="http://www.w3.org/2001/XMLSchema-instance"
       xmlns:context="http://www.springframework.org/schema/context"
       xsi:schemaLocation="http://www.springframework.org/schema/beans
                           http://www.springframework.org/schema/beans/spring-beans.xsd
                           http://www.springframework.org/schema/context
                           http://www.springframework.org/schema/context/spring-context.xsd">
                           
                           <context:annotation-config></context:annotation-config>
                                                   <bean class="org.springframework.jdbc.datasource.DriverManagerDataSource" id="dataSource">
                       <property name="driverClassName" value="com.mysql.cj.jdbc.Driver"></property>
                       <property name="url" value="jdbc:mysql://localhost:3306/tcs"></property>
                       <property name="username" value="root">
                       </property>
                       <property name="password" value="Root123$"></property>
                       </bean>
                
                	
                         <context:component-scan base-package="com.tcs.shrihari"></context:component-scan>
                       
                          </beans>